"date","close","high","low","open","quoteVolume","volume","weightedAverage"
"2016-06-30 23:45:00",9.82e-06,9.82e-06,9.82e-06,9.82e-06,16835.93895842,0.16532892,9.82e-06
"2016-06-30 23:50:00",9.82e-06,9.82e-06,9.82e-06,9.82e-06,11418.14951997,0.11212622,9.82e-06
"2016-06-30 23:55:00",9.82e-06,9.82e-06,9.8e-06,9.82e-06,11934.47352343,0.11709658,9.81e-06
"2016-07-01 00:00:00",9.81e-06,9.81e-06,9.76e-06,9.8e-06,304092.24434389,2.9727844,9.77e-06
"2016-07-01 00:05:00",9.83e-06,9.83e-06,9.8e-06,9.8e-06,814.69047324,0.00799394,9.81e-06
"2016-07-01 00:10:00",9.85e-06,9.85e-06,9.83e-06,9.83e-06,6705.43170404,0.0660155,9.84e-06
"2016-07-01 00:15:00",9.88e-06,9.89e-06,9.85e-06,9.85e-06,29073.59320162,0.28718173,9.87e-06
"2016-07-01 00:20:00",9.88e-06,9.89e-06,9.88e-06,9.88e-06,6483.3906913,0.0640559,9.88e-06
"2016-07-01 00:25:00",9.89e-06,9.89e-06,9.89e-06,9.89e-06,1.23e-06,0,9.89e-06
"2016-07-01 00:30:00",9.89e-06,9.89e-06,9.89e-06,9.89e-06,9.6e-07,0,9.89e-06
"2016-07-01 00:35:00",9.88e-06,9.89e-06,9.88e-06,9.89e-06,50178.11513025,0.49625977,9.88e-06
"2016-07-01 00:40:00",9.87e-06,9.88e-06,9.87e-06,9.88e-06,833.32489878,0.00822819,9.87e-06
"2016-07-01 00:45:00",9.88e-06,9.88e-06,9.85e-06,9.85e-06,7101.55380817,0.07010288,9.87e-06
"2016-07-01 00:50:00",9.88e-06,9.88e-06,9.87e-06,9.87e-06,0.01823777,1.8e-07,9.87e-06
"2016-07-01 00:55:00",9.87e-06,9.87e-06,9.87e-06,9.87e-06,14000,0.13818,9.87e-06
"2016-07-01 01:00:00",9.88e-06,9.88e-06,9.87e-06,9.87e-06,8942.70916232,0.08826453,9.87e-06
"2016-07-01 01:05:00",9.88e-06,9.9e-06,9.88e-06,9.88e-06,4876.36030444,0.04817843,9.88e-06
"2016-07-01 01:10:00",9.88e-06,9.88e-06,9.88e-06,9.88e-06,12965.46570067,0.1280988,9.88e-06
"2016-07-01 01:15:00",9.87e-06,9.88e-06,9.87e-06,9.88e-06,3247.94906266,0.03208467,9.87e-06
"2016-07-01 01:20:00",9.88e-06,9.88e-06,9.87e-06,9.87e-06,729.7710747,0.00720507,9.87e-06
"2016-07-01 01:25:00",9.84e-06,9.89e-06,9.84e-06,9.89e-06,51.8461697,0.00051016,9.84e-06
"2016-07-01 01:30:00",9.83e-06,9.88e-06,9.78e-06,9.88e-06,64899.15918883,0.63487345,9.78e-06
"2016-07-01 01:35:00",9.93e-06,9.93e-06,9.81e-06,9.83e-06,133731.10345831,1.32250574,9.88e-06
"2016-07-01 01:40:00",9.93e-06,9.94e-06,9.93e-06,9.93e-06,30915.06073262,0.30715346,9.93e-06
"2016-07-01 01:45:00",9.91e-06,9.93e-06,9.91e-06,9.93e-06,17200.00000656,0.170794,9.92e-06
"2016-07-01 01:50:00",9.89e-06,9.91e-06,9.8e-06,9.91e-06,103699.74518101,1.02421942,9.87e-06
"2016-07-01 01:55:00",9.77e-06,9.81e-06,9.77e-06,9.81e-06,80395.26575417,0.78804599,9.8e-06
"2016-07-01 02:00:00",9.77e-06,9.77e-06,9.77e-06,9.77e-06,0,0,9.77e-06
"2016-07-01 02:05:00",9.77e-06,9.77e-06,9.77e-06,9.77e-06,75659.27435021,0.73919111,9.77e-06
"2016-07-01 02:10:00",9.77e-06,9.77e-06,9.77e-06,9.77e-06,0,0,9.77e-06
"2016-07-01 02:15:00",9.79e-06,9.79e-06,9.79e-06,9.79e-06,65.63329927,0.00064254,9.79e-06
"2016-07-01 02:20:00",9.79e-06,9.8e-06,9.79e-06,9.8e-06,6204.06767245,0.06073814,9.79e-06
"2016-07-01 02:25:00",9.78e-06,9.78e-06,9.78e-06,9.78e-06,5000,0.0489,9.78e-06
"2016-07-01 02:30:00",9.77e-06,9.79e-06,9.77e-06,9.79e-06,47438.12818655,0.46348327,9.77e-06
"2016-07-01 02:35:00",9.77e-06,9.77e-06,9.76e-06,9.76e-06,1581.69402508,0.01545315,9.76e-06
"2016-07-01 02:40:00",9.76e-06,9.76e-06,9.75e-06,9.76e-06,14552.11633733,0.14200128,9.75e-06
"2016-07-01 02:45:00",9.76e-06,9.76e-06,9.76e-06,9.76e-06,325.74133676,0.00317923,9.76e-06
"2016-07-01 02:50:00",9.75e-06,9.75e-06,9.75e-06,9.75e-06,0.34871794,3.39e-06,9.75e-06
"2016-07-01 02:55:00",9.75e-06,9.77e-06,9.75e-06,9.76e-06,127314.20852423,1.24246914,9.75e-06
"2016-07-01 03:00:00",9.77e-06,9.77e-06,9.75e-06,9.77e-06,11619.93,0.11352272,9.76e-06
"2016-07-01 03:05:00",9.75e-06,9.76e-06,9.75e-06,9.76e-06,25044.65309772,0.24423251,9.75e-06
"2016-07-01 03:10:00",9.76e-06,9.77e-06,9.71e-06,9.74e-06,404740.7801983,3.94052715,9.73e-06
"2016-07-01 03:15:00",9.76e-06,9.76e-06,9.76e-06,9.76e-06,44037.99,0.42981078,9.76e-06
"2016-07-01 03:20:00",9.76e-06,9.76e-06,9.76e-06,9.76e-06,0,0,9.76e-06
"2016-07-01 03:25:00",9.75e-06,9.75e-06,9.75e-06,9.75e-06,0.00717948,6e-08,9.75e-06
"2016-07-01 03:30:00",9.76e-06,9.76e-06,9.74e-06,9.76e-06,15578.8874354,0.1520483,9.75e-06
"2016-07-01 03:35:00",9.72e-06,9.77e-06,9.71e-06,9.77e-06,59563.67624944,0.58066954,9.74e-06
"2016-07-01 03:40:00",9.67e-06,9.71e-06,9.67e-06,9.71e-06,254332.06003045,2.46278805,9.68e-06
"2016-07-01 03:45:00",9.71e-06,9.71e-06,9.68e-06,9.68e-06,10009.25540978,0.09694147,9.68e-06
"2016-07-01 03:50:00",9.69e-06,9.72e-06,9.69e-06,9.72e-06,1507.32606498,0.01465113,9.71e-06
"2016-07-01 03:55:00",9.72e-06,9.74e-06,9.72e-06,9.73e-06,161531.36589282,1.5702047,9.72e-06
"2016-07-01 04:00:00",9.73e-06,9.73e-06,9.68e-06,9.72e-06,42455.61868123,0.41238564,9.71e-06
"2016-07-01 04:05:00",9.69e-06,9.69e-06,9.69e-06,9.69e-06,2.14654281,2.079e-05,9.69e-06
"2016-07-01 04:10:00",9.69e-06,9.69e-06,9.69e-06,9.69e-06,0,0,9.69e-06
"2016-07-01 04:15:00",9.74e-06,9.74e-06,9.73e-06,9.73e-06,3.92767767,3.825e-05,9.73e-06
"2016-07-01 04:20:00",9.73e-06,9.73e-06,9.73e-06,9.73e-06,109263.48843621,1.06313374,9.73e-06
"2016-07-01 04:25:00",9.73e-06,9.73e-06,9.73e-06,9.73e-06,5026.88067262,0.04891154,9.73e-06
"2016-07-01 04:30:00",9.73e-06,9.73e-06,9.73e-06,9.73e-06,5722.95,0.0556843,9.73e-06
"2016-07-01 04:35:00",9.73e-06,9.73e-06,9.72e-06,9.73e-06,32988.43500874,0.3207778,9.72e-06
"2016-07-01 04:40:00",9.73e-06,9.73e-06,9.73e-06,9.73e-06,0,0,9.73e-06
"2016-07-01 04:45:00",9.73e-06,9.79e-06,9.73e-06,9.73e-06,11271.62605232,0.10985181,9.74e-06
"2016-07-01 04:50:00",9.73e-06,9.73e-06,9.73e-06,9.73e-06,0,0,9.73e-06
"2016-07-01 04:55:00",9.73e-06,9.79e-06,9.73e-06,9.79e-06,27.61506867,0.00026935,9.75e-06
"2016-07-01 05:00:00",9.73e-06,9.73e-06,9.73e-06,9.73e-06,6048.00075001,0.05884704,9.73e-06
"2016-07-01 05:05:00",9.73e-06,9.73e-06,9.73e-06,9.73e-06,0,0,9.73e-06
"2016-07-01 05:10:00",9.78e-06,9.78e-06,9.74e-06,9.74e-06,10102.66151225,0.09859992,9.75e-06
"2016-07-01 05:15:00",9.71e-06,9.74e-06,9.7e-06,9.74e-06,99880.09783729,0.97095051,9.72e-06
"2016-07-01 05:20:00",9.68e-06,9.71e-06,9.68e-06,9.71e-06,184686.09864495,1.79095299,9.69e-06
"2016-07-01 05:25:00",9.68e-06,9.68e-06,9.68e-06,9.68e-06,0,0,9.68e-06
"2016-07-01 05:30:00",9.68e-06,9.69e-06,9.67e-06,9.69e-06,21570.13502554,0.20871965,9.67e-06
"2016-07-01 05:35:00",9.69e-06,9.7e-06,9.67e-06,9.68e-06,13699.11891759,0.13257847,9.67e-06
"2016-07-01 05:40:00",9.67e-06,9.69e-06,9.67e-06,9.69e-06,118276.3641815,1.14378615,9.67e-06
"2016-07-01 05:45:00",9.67e-06,9.67e-06,9.67e-06,9.67e-06,43398.43342939,0.41966285,9.67e-06
"2016-07-01 05:50:00",9.66e-06,9.67e-06,9.66e-06,9.66e-06,537018.230265,5.18819213,9.66e-06
"2016-07-01 05:55:00",9.66e-06,9.68e-06,9.65e-06,9.67e-06,232344.06293942,2.24805314,9.67e-06
"2016-07-01 06:00:00",9.77e-06,9.77e-06,9.66e-06,9.66e-06,468552.93584943,4.56029176,9.73e-06
"2016-07-01 06:05:00",9.77e-06,9.85e-06,9.69e-06,9.77e-06,2113681.0337269,20.70638461,9.79e-06
"2016-07-01 06:10:00",9.83e-06,9.85e-06,9.79e-06,9.82e-06,148855.82477455,1.4636951,9.83e-06
"2016-07-01 06:15:00",9.84e-06,9.84e-06,9.81e-06,9.81e-06,26156.22533212,0.2573554,9.83e-06
"2016-07-01 06:20:00",9.84e-06,9.84e-06,9.84e-06,9.84e-06,8788.03088194,0.08647422,9.84e-06
"2016-07-01 06:25:00",9.84e-06,9.84e-06,9.84e-06,9.84e-06,15087.86519588,0.14846459,9.84e-06
"2016-07-01 06:30:00",9.84e-06,9.84e-06,9.81e-06,9.81e-06,22302.72278566,0.21894159,9.81e-06
"2016-07-01 06:35:00",9.84e-06,9.84e-06,9.84e-06,9.84e-06,0,0,9.84e-06
"2016-07-01 06:40:00",9.8e-06,9.83e-06,9.79e-06,9.81e-06,45874.42914167,0.44974333,9.8e-06
"2016-07-01 06:45:00",9.79e-06,9.79e-06,9.79e-06,9.79e-06,997.5,0.00976552,9.79e-06
"2016-07-01 06:50:00",9.79e-06,9.79e-06,9.79e-06,9.79e-06,11.04800817,0.00010815,9.79e-06
"2016-07-01 06:55:00",9.76e-06,9.79e-06,9.76e-06,9.79e-06,199518.16792951,1.94810986,9.76e-06
"2016-07-01 07:00:00",9.81e-06,9.81e-06,9.8e-06,9.8e-06,12329.88106203,0.12084098,9.8e-06
"2016-07-01 07:05:00",9.83e-06,9.83e-06,9.78e-06,9.78e-06,22995.74605976,0.22561277,9.81e-06
"2016-07-01 07:10:00",9.82e-06,9.86e-06,9.82e-06,9.84e-06,59456.40484,0.58498132,9.83e-06
"2016-07-01 07:15:00",9.81e-06,9.81e-06,9.81e-06,9.81e-06,52144.11236811,0.51153374,9.81e-06
"2016-07-01 07:20:00",9.87e-06,9.87e-06,9.79e-06,9.81e-06,48552.43168792,0.47635566,9.81e-06
"2016-07-01 07:25:00",9.78e-06,9.8e-06,9.78e-06,9.8e-06,16468.4201624,0.16112577,9.78e-06
"2016-07-01 07:30:00",9.9e-06,9.9e-06,9.8e-06,9.83e-06,317148.72748454,3.13490229,9.88e-06
"2016-07-01 07:35:00",9.84e-06,9.84e-06,9.84e-06,9.84e-06,17187.48750909,0.16912487,9.84e-06
"2016-07-01 07:40:00",9.84e-06,9.84e-06,9.83e-06,9.83e-06,33513.09320309,0.32960812,9.83e-06
"2016-07-01 07:45:00",9.9e-06,9.9e-06,9.87e-06,9.88e-06,26087.32057718,0.25797937,9.88e-06
"2016-07-01 07:50:00",9.89e-06,9.89e-06,9.87e-06,9.87e-06,26525.43856278,0.26180685,9.87e-06
"2016-07-01 07:55:00",9.89e-06,9.89e-06,9.89e-06,9.89e-06,0,0,9.89e-06
"2016-07-01 08:00:00",9.9e-06,9.9e-06,9.89e-06,9.89e-06,30323.45701708,0.29999999,9.89e-06
"2016-07-01 08:05:00",9.9e-06,9.9e-06,9.9e-06,9.9e-06,0,0,9.9e-06
"2016-07-01 08:10:00",9.86e-06,9.86e-06,9.86e-06,9.86e-06,11.84482758,0.00011678,9.86e-06
"2016-07-01 08:15:00",9.86e-06,9.86e-06,9.86e-06,9.86e-06,0.26166328,2.57e-06,9.86e-06
"2016-07-01 08:20:00",9.86e-06,9.86e-06,9.86e-06,9.86e-06,0,0,9.86e-06
"2016-07-01 08:25:00",9.86e-06,9.86e-06,9.86e-06,9.86e-06,0,0,9.86e-06
"2016-07-01 08:30:00",9.86e-06,9.86e-06,9.86e-06,9.86e-06,2772.17285096,0.02733362,9.86e-06
"2016-07-01 08:35:00",9.88e-06,9.89e-06,9.88e-06,9.89e-06,1031.8805668,0.01020527,9.88e-06
"2016-07-01 08:40:00",1.005e-05,1.005e-05,9.88e-06,9.88e-06,1190438.9851795,11.88611177,9.98e-06
"2016-07-01 08:45:00",1.007e-05,1.007e-05,1.004e-05,1.005e-05,7978.54244344,0.0802729,1.006e-05
"2016-07-01 08:50:00",1.007e-05,1.007e-05,1.003e-05,1.003e-05,156243.18206305,1.57260024,1.006e-05
"2016-07-01 08:55:00",1.004e-05,1.005e-05,1.004e-05,1.005e-05,101644.23809363,1.02069686,1.004e-05
"2016-07-01 09:00:00",1.008e-05,1.008e-05,1.004e-05,1.005e-05,9363.35200243,0.09405524,1.004e-05
"2016-07-01 09:05:00",1.006e-05,1.006e-05,1.006e-05,1.006e-05,127.68090021,0.00128446,1.006e-05
"2016-07-01 09:10:00",1e-05,1.006e-05,1e-05,1.004e-05,152594.61611128,1.52737678,1e-05
"2016-07-01 09:15:00",9.99e-06,9.99e-06,9.99e-06,9.99e-06,50,0.0004995,9.99e-06
"2016-07-01 09:20:00",9.97e-06,1e-05,9.97e-06,1e-05,4440.96277829,0.04440817,9.99e-06
"2016-07-01 09:25:00",1e-05,1e-05,9.97e-06,1e-05,3581.50957397,0.03581255,9.99e-06
"2016-07-01 09:30:00",1e-05,1e-05,1e-05,1e-05,312.01498362,0.00312014,1e-05
"2016-07-01 09:35:00",1.002e-05,1.002e-05,1e-05,1e-05,100219.33124906,1.00293591,1e-05
"2016-07-01 09:40:00",9.99e-06,9.99e-06,9.99e-06,9.99e-06,0.02402402,2.3e-07,9.99e-06
"2016-07-01 09:45:00",9.99e-06,9.99e-06,9.99e-06,9.99e-06,5489.48948948,0.05483999,9.99e-06
"2016-07-01 09:50:00",1.007e-05,1.007e-05,9.99e-06,9.99e-06,90339.99333662,0.90740948,1.004e-05
"2016-07-01 09:55:00",9.98e-06,1.006e-05,9.98e-06,1.006e-05,29842.80138053,0.29926589,1.002e-05
"2016-07-01 10:00:00",1e-05,1e-05,1e-05,1e-05,11939.72937441,0.11939729,1e-05
"2016-07-01 10:05:00",1e-05,1e-05,1e-05,1e-05,86010.53816925,0.86010538,1e-05
"2016-07-01 10:10:00",1e-05,1e-05,1e-05,1e-05,0,0,1e-05
"2016-07-01 10:15:00",1e-05,1e-05,9.97e-06,9.97e-06,17333.10414495,0.17307228,9.98e-06
"2016-07-01 10:20:00",9.97e-06,9.97e-06,9.97e-06,9.97e-06,41767.07359241,0.41641772,9.97e-06
"2016-07-01 10:25:00",9.96e-06,9.98e-06,9.95e-06,9.98e-06,146613.52251403,1.46028109,9.96e-06
"2016-07-01 10:30:00",9.99e-06,1.001e-05,9.94e-06,9.95e-06,280992.08942741,2.80959066,9.99e-06
"2016-07-01 10:35:00",9.95e-06,9.95e-06,9.95e-06,9.95e-06,0.68643216,6.82e-06,9.95e-06
"2016-07-01 10:40:00",9.95e-06,1e-05,9.95e-06,9.99e-06,7623.3415068,0.07617292,9.99e-06
"2016-07-01 10:45:00",9.97e-06,1e-05,9.97e-06,9.97e-06,508401.35250961,5.08354332,9.99e-06
"2016-07-01 10:50:00",9.99e-06,1.005e-05,9.99e-06,1.001e-05,245768.75977169,2.46942781,1.004e-05
"2016-07-01 10:55:00",1.001e-05,1.001e-05,9.98e-06,9.99e-06,128419.05308288,1.28325889,9.99e-06
"2016-07-01 11:00:00",1.001e-05,1.007e-05,1e-05,1.001e-05,176466.0651309,1.77164529,1.003e-05
"2016-07-01 11:05:00",1e-05,1e-05,9.98e-06,9.98e-06,25444.65759972,0.25399907,9.98e-06
"2016-07-01 11:10:00",1e-05,1e-05,9.98e-06,1e-05,171772.76428041,1.71564554,9.98e-06
"2016-07-01 11:15:00",1e-05,1e-05,9.96e-06,1e-05,32511.12895563,0.32484469,9.99e-06
"2016-07-01 11:20:00",1e-05,1e-05,1e-05,1e-05,3000.00099999,0.03,1e-05
"2016-07-01 11:25:00",1e-05,1e-05,1e-05,1e-05,0,0,1e-05
"2016-07-01 11:30:00",9.98e-06,9.98e-06,9.98e-06,9.98e-06,24.19539078,0.00024146,9.98e-06
"2016-07-01 11:35:00",9.95e-06,9.98e-06,9.91e-06,9.98e-06,214629.95485165,2.13271658,9.93e-06
"2016-07-01 11:40:00",9.93e-06,9.96e-06,9.92e-06,9.92e-06,30719.91051027,0.30515882,9.93e-06
"2016-07-01 11:45:00",9.93e-06,9.93e-06,9.93e-06,9.93e-06,0,0,9.93e-06
"2016-07-01 11:50:00",9.98e-06,9.98e-06,9.97e-06,9.97e-06,5090.57411031,0.05079339,9.97e-06
"2016-07-01 11:55:00",9.94e-06,9.94e-06,9.94e-06,9.94e-06,29.925,0.00029745,9.94e-06
"2016-07-01 12:00:00",9.96e-06,9.99e-06,9.96e-06,9.97e-06,22176.61197868,0.22143717,9.98e-06
"2016-07-01 12:05:00",9.96e-06,9.96e-06,9.96e-06,9.96e-06,0,0,9.96e-06
"2016-07-01 12:10:00",9.95e-06,9.95e-06,9.95e-06,9.95e-06,3047.4772125,0.03032239,9.95e-06
"2016-07-01 12:15:00",1e-05,1.001e-05,9.99e-06,9.99e-06,10387.34228971,0.10382094,9.99e-06
"2016-07-01 12:20:00",1.001e-05,1.001e-05,9.97e-06,1e-05,8519.76544164,0.08527285,1e-05
"2016-07-01 12:25:00",1.002e-05,1.002e-05,1.001e-05,1.001e-05,2645.88063898,0.02650499,1.001e-05
"2016-07-01 12:30:00",1.001e-05,1.001e-05,1.001e-05,1.001e-05,28100.40834073,0.28128508,1.001e-05
"2016-07-01 12:35:00",1e-05,1.002e-05,1e-05,1.002e-05,304958.07992259,3.05261856,1e-05
"2016-07-01 12:40:00",1.002e-05,1.002e-05,1e-05,1e-05,9604.45836409,0.09607102,1e-05
"2016-07-01 12:45:00",1.002e-05,1.002e-05,1e-05,1e-05,5196.37701853,0.05203336,1.001e-05
"2016-07-01 12:50:00",1.002e-05,1.008e-05,1.002e-05,1.002e-05,72482.15289362,0.7284199,1.004e-05
"2016-07-01 12:55:00",1.002e-05,1.002e-05,1.002e-05,1.002e-05,681.0178,0.00682379,1.002e-05
"2016-07-01 13:00:00",1.002e-05,1.002e-05,1.001e-05,1.001e-05,1298.66405,0.01300668,1.001e-05
"2016-07-01 13:05:00",1.001e-05,1.006e-05,1.001e-05,1.006e-05,28754.03743447,0.28852665,1.003e-05
"2016-07-01 13:10:00",1.001e-05,1.001e-05,1.001e-05,1.001e-05,0,0,1.001e-05
"2016-07-01 13:15:00",1.002e-05,1.002e-05,1.001e-05,1.001e-05,100299.83992295,1.00440863,1.001e-05
"2016-07-01 13:20:00",1e-05,1.002e-05,1e-05,1.002e-05,156388.79906641,1.56528504,1e-05
"2016-07-01 13:25:00",1.001e-05,1.001e-05,1e-05,1e-05,328496.14857676,3.28759722,1e-05
"2016-07-01 13:30:00",1e-05,1.011e-05,1e-05,1.001e-05,808646.42409599,8.15196074,1.008e-05
"2016-07-01 13:35:00",9.99e-06,1.003e-05,9.99e-06,1.001e-05,108267.0876549,1.08276163,1e-05
"2016-07-01 13:40:00",1.002e-05,1.002e-05,9.99e-06,1.001e-05,71622.4312041,0.7175777,1.001e-05
"2016-07-01 13:45:00",9.98e-06,1.002e-05,9.88e-06,1.002e-05,431540.18523802,4.29286237,9.94e-06
"2016-07-01 13:50:00",1.003e-05,1.003e-05,1e-05,1e-05,80858.36382486,0.81086152,1.002e-05
"2016-07-01 13:55:00",1e-05,1.003e-05,1e-05,1e-05,33033.29072904,0.3303329,1e-05
"2016-07-01 14:00:00",1e-05,1e-05,1e-05,1e-05,0,0,1e-05
"2016-07-01 14:05:00",1e-05,1.002e-05,1e-05,1.001e-05,204698.11119004,2.04756871,1e-05
"2016-07-01 14:10:00",1e-05,1.004e-05,1e-05,1.002e-05,3188.57575324,0.03197534,1.002e-05
"2016-07-01 14:15:00",1.007e-05,1.007e-05,1.001e-05,1.003e-05,2876.40004885,0.0288585,1.003e-05
"2016-07-01 14:20:00",1.004e-05,1.007e-05,1.003e-05,1.007e-05,260.90685341,0.0026195,1.004e-05
"2016-07-01 14:25:00",1.004e-05,1.004e-05,1.004e-05,1.004e-05,4494.00199203,0.04511977,1.004e-05
"2016-07-01 14:30:00",1e-05,1.004e-05,1e-05,1.004e-05,191150.04,1.91241262,1e-05
"2016-07-01 14:35:00",1.006e-05,1.006e-05,1.002e-05,1.002e-05,103764.57791577,1.04358384,1.005e-05
"2016-07-01 14:40:00",1.007e-05,1.007e-05,1.006e-05,1.006e-05,200862.14488166,2.02228568,1.006e-05
"2016-07-01 14:45:00",1.005e-05,1.009e-05,1.005e-05,1.007e-05,119446.72109416,1.20239909,1.006e-05
"2016-07-01 14:50:00",1.009e-05,1.009e-05,1.007e-05,1.007e-05,4971.1945041,0.0501583,1.008e-05
"2016-07-01 14:55:00",1.012e-05,1.016e-05,1.008e-05,1.01e-05,220825.70957512,2.2401056,1.014e-05
"2016-07-01 15:00:00",1.014e-05,1.021e-05,1.008e-05,1.011e-05,723696.81228707,7.35313584,1.016e-05
"2016-07-01 15:05:00",1.013e-05,1.014e-05,1.011e-05,1.011e-05,839.28073828,0.00850787,1.013e-05
"2016-07-01 15:10:00",1.014e-05,1.014e-05,1.011e-05,1.013e-05,68136.78747613,0.68888923,1.011e-05
"2016-07-01 15:15:00",1.005e-05,1.011e-05,1.001e-05,1.011e-05,460068.75926328,4.61180409,1.002e-05
"2016-07-01 15:20:00",1.001e-05,1.006e-05,1e-05,1.005e-05,100163.35072169,1.00626174,1.004e-05
"2016-07-01 15:25:00",1.006e-05,1.006e-05,1.001e-05,1.001e-05,12742.9229115,0.12817863,1.005e-05
"2016-07-01 15:30:00",1.002e-05,1.002e-05,1.002e-05,1.002e-05,16980.31611993,0.17014276,1.002e-05
"2016-07-01 15:35:00",1.002e-05,1.002e-05,1.001e-05,1.002e-05,52894.66019926,0.53000437,1.001e-05
"2016-07-01 15:40:00",1.001e-05,1.001e-05,1.001e-05,1.001e-05,71.38261737,0.00071453,1.001e-05
"2016-07-01 15:45:00",1.001e-05,1.002e-05,1.001e-05,1.002e-05,1043.50499201,0.01045591,1.001e-05
"2016-07-01 15:50:00",1e-05,1.002e-05,1e-05,1.001e-05,86181.4188372,0.86181564,1e-05
"2016-07-01 15:55:00",1e-05,1e-05,1e-05,1e-05,104055.04682676,1.04055046,1e-05
"2016-07-01 16:00:00",9.99e-06,1e-05,9.99e-06,1e-05,10000.06806806,0.10000067,9.99e-06
"2016-07-01 16:05:00",1.001e-05,1.002e-05,1e-05,1e-05,1382.41445094,0.01385138,1.001e-05
"2016-07-01 16:10:00",1.003e-05,1.005e-05,1.001e-05,1.002e-05,75669.68105015,0.75819016,1.001e-05
"2016-07-01 16:15:00",1.004e-05,1.004e-05,1.003e-05,1.004e-05,3497.91531299,0.03511902,1.003e-05
"2016-07-01 16:20:00",1.001e-05,1.002e-05,9.94e-06,1.002e-05,60126.22353837,0.59950766,9.97e-06
"2016-07-01 16:25:00",1e-05,1.001e-05,1e-05,1.001e-05,4.60796638,4.61e-05,1e-05
"2016-07-01 16:30:00",1e-05,1e-05,1e-05,1e-05,0.001,1e-08,1e-05
"2016-07-01 16:35:00",1.001e-05,1.001e-05,1.001e-05,1.001e-05,160.34665335,0.00160507,1.001e-05
"2016-07-01 16:40:00",9.99e-06,1e-05,9.96e-06,1e-05,6918.01064068,0.06918001,9.99e-06
"2016-07-01 16:45:00",9.99e-06,9.99e-06,9.99e-06,9.99e-06,0,0,9.99e-06
"2016-07-01 16:50:00",9.96e-06,9.99e-06,9.92e-06,9.99e-06,153494.04219804,1.52479968,9.93e-06
"2016-07-01 16:55:00",9.97e-06,9.97e-06,9.97e-06,9.97e-06,488.73873874,0.00487272,9.97e-06
"2016-07-01 17:00:00",9.97e-06,9.97e-06,9.97e-06,9.97e-06,0,0,9.97e-06
"2016-07-01 17:05:00",9.99e-06,9.99e-06,9.97e-06,9.97e-06,11.31695085,0.00011304,9.98e-06
"2016-07-01 17:10:00",9.99e-06,9.99e-06,9.99e-06,9.99e-06,17005.3796928,0.16988374,9.99e-06
"2016-07-01 17:15:00",9.97e-06,9.99e-06,9.97e-06,9.99e-06,3572.76553829,0.03565069,9.97e-06
"2016-07-01 17:20:00",9.98e-06,9.99e-06,9.98e-06,9.99e-06,1010.60560561,0.01008595,9.98e-06
"2016-07-01 17:25:00",9.95e-06,9.99e-06,9.95e-06,9.98e-06,69596.29557425,0.69324701,9.96e-06
"2016-07-01 17:30:00",1.001e-05,1.003e-05,9.95e-06,9.97e-06,536914.10377312,5.37466974,1.001e-05
"2016-07-01 17:35:00",1.007e-05,1.025e-05,1.001e-05,1.001e-05,1878545.1610289,19.09441852,1.016e-05
"2016-07-01 17:40:00",1.005e-05,1.011e-05,1.002e-05,1.007e-05,370576.01206476,3.73169275,1.006e-05
"2016-07-01 17:45:00",1.011e-05,1.011e-05,1.005e-05,1.005e-05,16442.28642511,0.16568488,1.007e-05
"2016-07-01 17:50:00",1.011e-05,1.011e-05,1.008e-05,1.009e-05,106929.57739803,1.0797684,1.009e-05
"2016-07-01 17:55:00",1.015e-05,1.016e-05,1.011e-05,1.011e-05,49402.86529822,0.49995906,1.012e-05
"2016-07-01 18:00:00",1.015e-05,1.016e-05,1.004e-05,1.013e-05,676918.16637956,6.80851802,1.005e-05
"2016-07-01 18:05:00",1.015e-05,1.015e-05,1.015e-05,1.015e-05,368.85024631,0.00374383,1.015e-05
"2016-07-01 18:10:00",1.016e-05,1.016e-05,1.015e-05,1.015e-05,28883.19737499,0.2932702,1.015e-05
"2016-07-01 18:15:00",1.015e-05,1.015e-05,1.015e-05,1.015e-05,2500,0.025375,1.015e-05
"2016-07-01 18:20:00",1.01e-05,1.016e-05,1.01e-05,1.015e-05,45469.80194969,0.46174843,1.015e-05
"2016-07-01 18:25:00",1.009e-05,1.017e-05,1.008e-05,1.015e-05,81174.00725788,0.823695,1.014e-05
"2016-07-01 18:30:00",1.018e-05,1.02e-05,1.01e-05,1.01e-05,256027.98261605,2.60859055,1.018e-05
"2016-07-01 18:35:00",1.017e-05,1.018e-05,1.009e-05,1.014e-05,269922.55146578,2.74607126,1.017e-05
"2016-07-01 18:40:00",1.021e-05,1.021e-05,1.01e-05,1.01e-05,78288.87289734,0.79864893,1.02e-05
"2016-07-01 18:45:00",1.025e-05,1.025e-05,1.016e-05,1.021e-05,142208.05501614,1.45638888,1.024e-05
"2016-07-01 18:50:00",1.014e-05,1.026e-05,1.014e-05,1.023e-05,290035.87603537,2.95990151,1.02e-05
"2016-07-01 18:55:00",1.031e-05,1.058e-05,1.022e-05,1.022e-05,1878488.8371112,19.56280937,1.041e-05
"2016-07-01 19:00:00",1.04e-05,1.07e-05,1.03e-05,1.032e-05,1825625.4631104,19.12323852,1.047e-05
"2016-07-01 19:05:00",1.036e-05,1.041e-05,1.027e-05,1.039e-05,353469.40477168,3.66022744,1.035e-05
"2016-07-01 19:10:00",1.024e-05,1.034e-05,1.021e-05,1.03e-05,379361.42997344,3.89158013,1.025e-05
"2016-07-01 19:15:00",1.018e-05,1.032e-05,1.015e-05,1.023e-05,392524.63118142,3.99420804,1.017e-05
"2016-07-01 19:20:00",1.027e-05,1.029e-05,1.015e-05,1.022e-05,345827.08384173,3.54621035,1.025e-05
"2016-07-01 19:25:00",1.03e-05,1.042e-05,1.021e-05,1.024e-05,872286.48773345,9.06474172,1.039e-05
"2016-07-01 19:30:00",1.034e-05,1.038e-05,1.027e-05,1.035e-05,255386.48011515,2.62854127,1.029e-05
"2016-07-01 19:35:00",1.038e-05,1.038e-05,1.028e-05,1.03e-05,11103.52791676,0.11447677,1.03e-05
"2016-07-01 19:40:00",1.029e-05,1.037e-05,1.028e-05,1.034e-05,21942.37239455,0.22579251,1.029e-05
"2016-07-01 19:45:00",1.034e-05,1.034e-05,1.031e-05,1.033e-05,11917.31173799,0.12287719,1.031e-05
"2016-07-01 19:50:00",1.028e-05,1.033e-05,1.028e-05,1.031e-05,45909.11439007,0.47336024,1.031e-05
"2016-07-01 19:55:00",1.029e-05,1.033e-05,1.028e-05,1.028e-05,60438.28798536,0.62173565,1.028e-05
"2016-07-01 20:00:00",1.022e-05,1.027e-05,1.015e-05,1.027e-05,45559.86867002,0.46473168,1.02e-05
"2016-07-01 20:05:00",1.018e-05,1.022e-05,1.016e-05,1.022e-05,205891.85123732,2.09209679,1.016e-05
"2016-07-01 20:10:00",1.018e-05,1.018e-05,1.017e-05,1.018e-05,39972.43198924,0.40652012,1.017e-05
"2016-07-01 20:15:00",1.018e-05,1.018e-05,1.018e-05,1.018e-05,0,0,1.018e-05
"2016-07-01 20:20:00",1.022e-05,1.024e-05,1.01e-05,1.018e-05,178945.40540421,1.81637268,1.015e-05
"2016-07-01 20:25:00",1.021e-05,1.021e-05,1.021e-05,1.021e-05,0.00384034,3e-08,1.021e-05
"2016-07-01 20:30:00",1.021e-05,1.021e-05,1.021e-05,1.021e-05,0.00344102,3e-08,1.021e-05
"2016-07-01 20:35:00",1.019e-05,1.021e-05,1.009e-05,1.021e-05,9047.21145143,0.09133007,1.009e-05
"2016-07-01 20:40:00",1.009e-05,1.021e-05,1.009e-05,1.019e-05,13742.44527614,0.14017232,1.019e-05
"2016-07-01 20:45:00",1.017e-05,1.018e-05,1.017e-05,1.018e-05,21.98919819,0.00022373,1.017e-05
"2016-07-01 20:50:00",1.019e-05,1.019e-05,1.013e-05,1.017e-05,77.52468699,0.00078756,1.015e-05
"2016-07-01 20:55:00",1.019e-05,1.019e-05,1.019e-05,1.019e-05,3.09075436,3.149e-05,1.019e-05
"2016-07-01 21:00:00",1.019e-05,1.019e-05,1.019e-05,1.019e-05,107.63772495,0.00109682,1.019e-05
"2016-07-01 21:05:00",1.021e-05,1.021e-05,1.021e-05,1.021e-05,500.19907385,0.00510703,1.021e-05
"2016-07-01 21:10:00",1.013e-05,1.02e-05,1.007e-05,1.02e-05,188132.20146937,1.89522186,1.007e-05
"2016-07-01 21:15:00",1.008e-05,1.013e-05,1.008e-05,1.013e-05,0.0782634,7.8e-07,1.008e-05
"2016-07-01 21:20:00",1.013e-05,1.013e-05,1.008e-05,1.008e-05,5000.00121289,0.05040001,1.008e-05
"2016-07-01 21:25:00",1.019e-05,1.019e-05,1.013e-05,1.013e-05,180583.896939,1.83019268,1.013e-05
"2016-07-01 21:30:00",1.019e-05,1.019e-05,1.019e-05,1.019e-05,0.00085208,0,1.019e-05
"2016-07-01 21:35:00",1.017e-05,1.017e-05,1.017e-05,1.017e-05,0.00393312,3e-08,1.017e-05
"2016-07-01 21:40:00",1.02e-05,1.02e-05,1.019e-05,1.019e-05,1498.20980502,0.01527911,1.019e-05
"2016-07-01 21:45:00",1.015e-05,1.02e-05,1.009e-05,1.02e-05,3459.7158626,0.03502717,1.012e-05
"2016-07-01 21:50:00",1.01e-05,1.015e-05,1.009e-05,1.009e-05,9901.1331694,0.10000144,1.009e-05
"2016-07-01 21:55:00",1.014e-05,1.014e-05,1.009e-05,1.009e-05,9901.8083308,0.10000825,1.009e-05
"2016-07-01 22:00:00",1.014e-05,1.014e-05,1.009e-05,1.012e-05,8000.1800605,0.08072215,1.009e-05
"2016-07-01 22:05:00",1.014e-05,1.014e-05,1.009e-05,1.014e-05,29.72322385,0.0002999,1.009e-05
"2016-07-01 22:10:00",1.02e-05,1.02e-05,1.014e-05,1.014e-05,180972.19983182,1.84461432,1.019e-05
"2016-07-01 22:15:00",1.021e-05,1.021e-05,1.021e-05,1.021e-05,4768.53550292,0.04868674,1.021e-05
"2016-07-01 22:20:00",1.02e-05,1.021e-05,1.02e-05,1.021e-05,5213,0.0531746,1.02e-05
"2016-07-01 22:25:00",1.012e-05,1.02e-05,1.011e-05,1.02e-05,162751.1600627,1.65465205,1.016e-05
"2016-07-01 22:30:00",1.012e-05,1.012e-05,1.012e-05,1.012e-05,0,0,1.012e-05
"2016-07-01 22:35:00",1.011e-05,1.012e-05,9.99e-06,1.011e-05,1940380.3583391,19.50994538,1.005e-05
